cyl,mean_product
6,61.2387142857143
8,59.2140785714286
